id,yearDisplay,yearSort,genre,icon,events,movieList,movieGenres,movieEvents,realEvents,realCulture
1,1750年代前半,1750.0,コメディ,🏯,陸奥国湯長谷藩が、幕府の陰謀によりわずか5日での江戸への参勤交代を命じられ、様々な奇策を用いてこれを完遂した。,超高速!参勤交代,,,江戸は世界最大規模の100万都市として栄え、武家・町人文化が共存していた。,浮世絵・歌舞伎・落語が庶民文化として花開いた。葛飾北斎・歌川広重が活躍し、江戸の美意識が結実した。
2,1825年,1825.0,ホラー,👻,四谷において、夫に毒殺された女性の怨霊が凄惨な復讐劇を繰り広げた。,四谷怪談,,,文政年間の江戸は浮世絵・歌舞伎など町人文化が最盛期を迎え、人口は100万人に達した。,鶴屋南北の怪談歌舞伎が一世を風靡。滝沢馬琴「南総里見八犬伝」連載中。江戸文学・演芸が最盛期を迎えた。
3,1868年,1868.0,アクション,⚔️,廃刀令下の東京では、かつて「人斬り抜刀斎」と恐れられた男が神田や赤坂の路地を静かに流浪していた。その同じ街角に、時空を超えて現代から迷い込んだ女性が息を呑んで立っていた。明治元年の東京は、すでにいくつもの時間軸が交差する場所であったらしい。,るろうに剣心|明治東亰恋伽,アクション|ドラマ,廃刀令下の東京（神田・赤坂界隈）に、かつて「人斬り抜刀斎」と呼ばれた流浪の剣客が出没した。|明治の東京に突如として現代の女性が出現し、文明開化の混乱の中で当時の人々と交流した。,江戸が「東京」と改称され、明治天皇の居所が移された。版籍奉還が布告された。,文明開化が始まり、洋楽・洋装・洋食が東京に流入。西洋と和の衝突が新しい美意識を生んだ。
4,1883年,1883.0,ドラマ,🎭,日比谷に落成したばかりの「鹿鳴館」にて、華やかな西洋風の舞踏会が催された。,鹿鳴館,,,鹿鳴館が開館し、政府主導の欧化政策が本格化。有楽町に鉄道馬車が走り始めた。,鹿鳴館が完成し、西洋舞踏会文化が上流社会に広まった。新聞・雑誌が普及し、活版印刷が新しい言論空間を生んだ。
5,1904年,1904.0,戦争,⚔️,日露戦争が勃発し、神田駿河台周辺などで激動の事態が発生した。,二百三高地,,,日露戦争が開戦。東京では戦勝祈願の集会が相次ぎ、夜ごと号外が街頭を走った。,日露戦争期。軍歌が流行し、新聞の従軍記者たちが活躍。東京の街に凱旋気分と疲弊が混在した。
6,1900年代後半,1908.0,ドラマ,💄,ガス灯が瞬く近代東京の路地を、化粧道具を携えた職人が静かに行き来していた。その同じ路地のどこかで、禁断の恋に身を焦がす男が夜ごと逡巡を重ねていた。文明開化の喧噪の裏で、東京の情念は人知れず燃えていた。,化粧師 KEWAISHI|それから,ドラマ|ドラマ,近代化が進む東京で、人々の心と生活を彩る化粧師が各地を渡り歩いた。|明治末期の東京で、妻のある友人への抑えきれない愛に苦しんだ男がいた。,銀座に路面電車が開通し、帝国劇場が建設された。丸の内では近代的なビル建設が始まった。,夏目漱石の「三四郎」「それから」が連載。明治の知識人が「東京」という都市を文学で描き始めた時代。
7,1920年代前半,1920.0,アニメ,🎞️,大正時代の浅草は、活動写真の弁士が客を沸かせる一方で、闇の中では鬼と剣士の血戦が繰り広げられていた。路上では束髪の女学生が颯爽と走り抜け、山の手の大邸宅では許されぬ恋に涙を流す若者がいた。賑わいと哀愁と恐怖と、すべてが同時に同じ東京で起きていた。,カツベン！|鬼滅の刃|はいからさんが通る|春の雪,ドラマ|アニメ|アニメ|ドラマ,浅草の映画館「靑木館」周辺で、活動弁士を目指す青年が騒動を巻き起こした。|浅草の繁華街で、人を喰らう異形の鬼と、それを狩る者たちの秘密裏の戦闘が繰り広げられた。|大正東京で、旧弊な慣習に縛られることを拒んだ女学生が、激動の時代を自らの足で駆け抜けた。|大正の東京に生きる華族の若者たちの間で、身分を超えた恋愛が芽生え、そして破局した。,大正デモクラシーの機運が高まり、普通選挙運動が活発化。浅草の興行街が全盛期を迎えた。,大正ロマン全盛期。竹久夢二の叙情画、宝塚歌劇団が全国に人気。モボ・モガが浅草・銀座を闊歩した。
8,1920年代前半,1922.0,ドラマ,🐕,渋谷駅周辺において、亡き主人を待ち続ける秋田犬の姿が人々の涙を誘う事象が長期にわたり観測された。,ハチ公物語,,,渋谷駅が開業し、東横線が延伸。百貨店文化が生まれ、モボ・モガが銀座を闊歩した。,浅草オペラが大人気。ジャズが日本に上陸し、エノケン・二村定一ら芸人が活躍した。東京の夜が変わった。
9,1923年,1923.0,ドラマ,🌋,1923年9月1日、東京は壊滅した。ある世界線ではそれが地下に蠢く呪術的な力による計画的な犯行であったとされ、またある世界線では震災の混乱の中で女相撲一座とアナキストが火花を散らした。焦土の上野では青年と少女が出会い、それぞれの東京の物語が始まった。,菊とギロチン|帝都物語|風立ちぬ,ドラマ|SF|アニメ,関東大震災の混乱下、東京の片隅で女相撲の一座と地下に潜むアナキストたちが接触した。|ある世界線では、関東大震災そのものが帝都の地下に蠢く呪術的な力によって引き起こされたとされる。|本郷の大学に通う青年と上野広小路の少女が震災の炎の中で出会い、その記憶が後の人生を形作ったとされる。,9月1日、マグニチュード7.9の関東大震災が発生。東京・横浜で死者・行方不明者10万人以上。,関東大震災後の復興とともに「円本」ブームが起きた。文学が大衆に広まり、プロレタリア文学運動が始まった。
10,1925年,1925.0,コメディ,⚾,セーラー服を着た乙女たちによる野球の練習が目撃された。,大正野球娘。,,,東京放送局（JOAK）がラジオ放送を開始。治安維持法が公布された。,ラジオ放送開始。東京放送局が開局し、音楽・ニュースが家庭に届くようになった。大衆メディア時代の幕開け。
11,1926年,1926.0,ドラマ,🎪,大正最後の年の東京で、新派の劇作家が夢と現実の交錯する幻想的な世界に迷い込んだ。,陽炎座,,,大正天皇が崩御し、昭和元年が始まった。東京放送局がNHKに改組された。,大正の終わり。プロレタリア文学が高まり、川端康成・横光利一ら新感覚派が台頭した。
12,1936年,1936.0,戦争,❄️,昭和11年の東京は、二つの「事件」に揺れた。雪の夜明け、銃声が永田町周辺に響き渡り、帝都の中枢が青年将校たちに占拠された。一方その頃、街の一軒の下宿では愛欲のもつれから前代未聞の事件が起きていた。政治の暴力と愛の暴力が、同じ東京で同時に炸裂した年であった。,226|愛のコリーダ,戦争|ドラマ,雪降る帝都の永田町・皇居周辺において、青年将校たちによる武力クーデター（二・二六事件）が勃発した。|東京の下宿屋を舞台にした阿部定事件——激しい情欲の果てに男を絞殺した女の逃走——が帝都を震撼させた。,"2月26日、陸軍青年将校1,483名が決起し首相官邸等を占拠。4日間の戒厳令が敷かれた。",二・二六事件の年。東宝映画が躍進し映画人口が急増。昭和モダニズムの最後の輝きと、軍国化が同時に進行した。
13,1944年,1944.0,戦争,🏫,戦局の悪化に伴い、品川区戸越から保母と子供たちが空襲を逃れて疎開を開始した。,あの日のオルガン,,,東京への空襲が激化し、学童疎開が本格化した。品川・目黒の工場地帯が繰り返し爆撃された。,戦時体制下。文化統制が進み演劇・映画は国策の道具に。浪花節・軍歌が街に溢れた時代。
14,1940年代後半,1947.0,ドラマ,🌃,焦土から立ち上がりつつある東京に、二つの追跡劇が同時進行していた。上野の闇市では女たちが生きるための戦いに明け暮れ、その同じ暗がりを、拳銃を失った若い刑事が犯人の背中を追って駆け回っていた。,肉体の門|野良犬,ドラマ|ドラマ,敗戦直後の東京・有楽町のガード下や上野の闇市において、娼婦たちが命がけの生存競争を繰り広げた。|焼け跡の残る東京の路地裏で、スリに拳銃を奪われた若い刑事が犯人を執念深く追い続けた。,終戦後、GHQが東京に進駐。上野・新宿・有楽町などに闇市が形成された。,終戦直後。進駐軍のジャズ・ブギウギが流行。笠置シヅ子「東京ブギウギ」が焼け跡の東京に響いた。
15,1945年,1945.0,戦争,💣,昭和20年、東京は二度破壊された。3月の大空襲では下町が一夜で灰となり、家族を失った少女たちが焼け野原を彷徨った。遥か南洋の島では、東京を故郷に持つ兵士たちが最後の手紙を書いた。そして8月、廃墟となった皇居周辺では、終戦を認めまいとする兵士たちが最後の叛乱を起こした。すべてが同じ一年に起きた。,戦争と青春|ペーパーシティ 東京大空襲の記憶|日本のいちばん長い日|東京大空襲 ガラスのうさぎ|硫黄島からの手紙,戦争|ドラマ|戦争|戦争|戦争,昭和20年3月10日、東京の下町が米軍の焼夷弾攻撃を受け、一夜にして火の海と化した。|東京大空襲を生き延びた人々が、焼け野原となった街の記憶を後世に語り継いだ。|同年8月15日、玉音放送の録音盤を巡るクーデター未遂事件が皇居周辺で勃発した。|空襲で家族を失った少女が、灰燼に帰した東京の街を一人で生き抜いた。|東京を故郷に持つ将校たちが硫黄島の最前線から家族へ手紙を書き送り、ほどなく戦死した。,3月10日、米軍による東京大空襲で約10万人が死亡。8月15日、玉音放送で終戦が発表された。,GHQの占領下で検閲が行われつつ、新しいメディア・文化が解禁。映画や演劇が復活し始めた年。
16,1950年代前半,1951.0,SF,🐺,第二次大戦でドイツの占領下におかれた「架空の戦後東京」において、特殊部隊「ケルベロス」と過激派による凄惨な市街戦や地下水路での銃撃戦が展開された。,人狼 JIN-ROH,,,朝鮮戦争の特需景気で東京の工業生産が回復。1952年にGHQ占領が終了し主権が回復された。,戦後復興期。テレビ放送開始前夜、ラジオドラマが全盛。美空ひばりが国民的スターとして登場した。
17,1952年,1952.0,ドラマ,🎠,末期ガンを宣告された市役所の課長が、お役所仕事を脱して公園建設に奔走した。,生きる,,,講和条約が発効し日本が主権を回復。東京では戦後復興の建設ラッシュが本格化した。,サンフランシスコ講和後の独立。手塚治虫「鉄腕アトム」連載開始。漫画文化の夜明けが始まった。
18,1953年,1953.0,ドラマ,🚂,尾道から上京してきた老夫婦が子供たちを訪ねるも、近代化しつつある東京の生活の中で家族の絆の崩壊や孤独を感じる事象が観察された。,東京物語,,,NHKと日本テレビが東京でテレビ放送を開始。映画全盛期、年間入場者数が11億人を突破した。,テレビ放送開始。NHKと日本テレビが開局し、東京の家庭に映像メディアが入り込んだ。
19,1954年,1954.0,SF,🦕,水爆実験によって目覚めた巨大怪獣（ゴジラ）が品川から上陸し、再建されたばかりの銀座の和光の時計塔や国会議事堂を破壊、火の海へと変えた。,ゴジラ,,,ビキニ環礁での水爆実験で第五福竜丸が被曝。東京でも反核署名運動が広がった。,力道山のプロレスがテレビで人気爆発。街頭テレビに群衆が集まり、東京の娯楽文化が大きく変わった。
20,1955年,1955.0,アクション,🎋,戦後の日本において、悪事を働く元軍人のアメリカ人ギャングが暗躍した。,竹の家,,,神武景気が始まり、東京の人口が800万人を突破。高度経済成長の端緒が開かれた。,神武景気の始まり。「太陽族」映画が話題に。三島由紀夫、松本清張ら文学も活況を呈した。
21,1958年,1958.0,ドラマ,🏗️,建設中の東京タワーを背景に、下町の夕日町三丁目で人情味あふれる人々が日常を営んでいた。,ALWAYS 三丁目の夕日,,,東京タワーが完成。高さ333mで当時の世界一の鉄塔として竣工した。,東京タワー完成。テレビ普及率が急上昇し、大衆文化が一気に全国化。国民の視線が「東京」に向いた年。
22,1959年,1959.0,ドラマ,🚀,東京オリンピック開催が決定し、高度経済成長時代を迎えつつある夕日町三丁目で、芥川賞を目指す小説家や自動車修理工場の人々が生活していた。,ALWAYS 続・三丁目の夕日,,,1964年東京オリンピックの開催が決定。皇太子御成婚パレードが沿道100万人を集めた。,皇太子ご成婚パレードをテレビ中継。テレビが「一億総テレビ」の時代を決定的にした。
23,1962年,1962.0,ドラマ,🌟,オリンピックに向けてスタンドが増設された旧国立競技場を背景に、若者たちが希望に向かって歩む姿が見られた。,上を向いて歩こう,,,東京都の人口が1000万人を突破。首都高速の建設が加速し、地価高騰が始まった。,週刊誌ブームと漫画誌の時代。ゴジラシリーズも継続し、東宝特撮が全盛を迎えた。
24,1963年,1963.0,ドラマ,🦋,東京タワー建設ブームと新幹線開通前夜の東京で、田舎から上京した女性が娼館のマダムへと成り上がった。,にっぽん昆虫記,,,東海道新幹線の建設が佳境を迎え、首都高速道路が部分開通。下町の急速な変貌が始まった。,手塚治虫「鉄腕アトム」TVアニメ放送開始。日本初の国産テレビアニメが東京から全国へ広まった。
25,1964年,1964.0,ドラマ,🏅,1964年の東京は、世界に向けて戦後復興の完成を宣言した。競技場では各国の選手が競い合い、その熱狂から少し外れた下町の路地では変わらぬ日常が淡々と続いていた。華やかな表舞台と静かな裏路地——それが東京という街の真実だった。,東京オリンピック|ALWAYS 三丁目の夕日'64,ドラマ|ドラマ,復興を遂げた東京で、戦後初の平和の祭典・東京オリンピックが開催された。|オリンピックの熱狂に包まれた東京の下町では、昭和の日常が静かに続いていた。,東京オリンピック開催。首都高速全線開通、東海道新幹線開業。戦後復興の完成が宣言された。,東京オリンピック開催。カラーテレビ普及、新幹線開通。日本の高度成長が世界に示された。
26,1960年代後半,1967.0,ドラマ,✊,1960年代後半の新宿は、時代が爆発していた。路上では若者が拳を振り上げ、夜の歓楽街では退廃と自由が入り乱れた。その騒乱から少し離れた下町では、女の子が近所の出来事を記憶に刻んでいた。大学のキャンパスでは、運動の熱が冷めた後に残る喪失感の中で、若者たちが恋をして死んでいった。,新宿泥棒日記|薔薇の葬列|おもひでぽろぽろ|ノルウェイの森,ドラマ|ドラマ|アニメ|ドラマ,新宿で、若者たちによるカウンターカルチャーと反体制の熱気が路上に溢れ出た。|新宿の歓楽街で、時代の変革期に翻弄された若者たちが自由と退廃の中を生きた。|昭和40年代の東京下町で、ひとりの少女がありふれた日常を生きた。|全共闘運動が渦巻く東京の大学街で、喪失を抱えた若者たちが恋をして死んでいった。,大学紛争が激化し、東大・日大闘争が全国に波及。新宿駅西口で反戦フォークゲリラが活動した。,フォークソング・グループサウンズ全盛。ザ・タイガース、ビートルズの影響が東京の若者文化を席巻した。
27,1970年代前半,1972.0,コメディ,🏮,葛飾区柴又において、テキ屋を稼業とする風来坊と彼を温かく迎える家族や下町の人々との人情劇が長年にわたり観測された。,男はつらいよ シリーズ,,,東大安田講堂事件が起き、同年の東大入試が中止された。学生運動が社会全体を揺るがした。,あさま山荘事件をテレビが生中継。学生運動の終焉とともに「しらけ世代」の文化が生まれた。
28,1973年,1973.0,SF,🌊,大規模な地殻変動により、東京を含む日本列島が海中へと沈没していく未曾有の大災害が発生した。,日本沈没（1973年版）,,,第一次石油ショック。東京でトイレットペーパーの買い占め騒動が起き、物価が急騰した。,テレビアニメ「マジンガーZ」でロボット文化が子供を席巻。「ノストラダムスの大予言」ブームが社会を覆った。
29,1975年,1975.0,アクション,🚄,1975年の東京には、二種類の時限爆弾が同時に走っていた。一つは東海道新幹線の車内に仕掛けられた本物の爆弾であり、もう一つは新宿のヤクザ社会に積み重なった憎悪の爆発だった。どちらも東京発の暴力であり、どちらも誰かの孤独から生まれていた。,新幹線大爆破|仁義の墓場,アクション|アクション,東京発の新幹線に時限爆弾が仕掛けられ、大都市圏を巻き込むパニック事件が発生した。|新宿や府中を舞台に、ヤクザ組織の内部抗争による血みどろの事件が続発した。,ベトナム戦争が終結。日本の高度経済成長が終わり、低成長の安定期へと移行した。,キャンディーズ・山口百恵らアイドル文化が全盛。東京発のポップカルチャーが全国に波及した。
30,1976年,1976.0,SF,🤖,宇宙からの脅威に立ち向かうため、巨大ロボットが浅草の下町において激しい戦闘を展開した。,ジーマイン,,,ロッキード事件で田中角栄元首相が逮捕。東京地裁で戦後最大級の政治汚職裁判が始まった。,ピンク・レディー登場。コンビニが東京で急増し、24時間都市文化の基礎が作られた。
31,1980年代後半,1985.0,ドラマ,📷,バブル景気の絶頂期、ビルの屋上のゴルフ練習場と原宿のネオンが奇妙な迷宮と化した。,東京画,,,バブル経済が本格化し、東京の地価が急騰。山手線内の土地でアメリカ全土が買えると言われた。,バンドブーム到来。BOΦWYらが登場し、渋谷・原宿がティーンの聖地に。ファッション誌が文化を牽引した。
32,1986年,1986.0,ドラマ,🎵,バブル前夜のエネルギッシュな東京において、アメリカから来た女性がロックバンドの青年と出会い、音楽チャートを駆け上がる事象が発生した。,TOKYO POP,,,バブル景気の絶頂。東京の株価・不動産が異常高騰し、世界最高コストの都市と呼ばれた。,バブル景気の始まり。ディスコ文化全盛。東京のアート・デザイン分野への投資が活発化した。
33,1980年代後半,1987.0,SF,☁️,突如、東京が半径30キロにわたる巨大な「雲（物体O）」に完全に覆い尽くされ、外部との通信や交通が一切遮断されるという未曾有の異常事態が発生した。,首都消失,,,バブル最盛期。六本木・赤坂のディスコが若者で溢れ、東京は「不夜城」と化した。,バブル絶頂期。ジュリアナ東京前夜。お立ち台ディスコ文化と超高額アートオークションが同時進行した。
34,1988年,1988.0,ドラマ,🏙️,実際の巣鴨子供置き去り事件をモチーフに、都会の死角で身を寄せ合って生きる子供たちの姿が確認された。,誰も知らない,,,青函トンネルが開通。東京では一人親家庭の貧困問題が社会問題として浮上し始めた。,ゲーム文化が東京の子供たちを席巻。秋葉原が電気街からゲーム・アニメの街へ変貌し始めた。
35,1988年,1988.5,SF,💥,関東地区において謎の「新型爆弾」が炸裂して第三次世界大戦が勃発し、旧東京は完全に消滅した。,AKIRA,,,東京ドームが開場。昭和天皇の病状悪化が報道され、全国に自粛ムードが広がった。,「火垂るの墓」「となりのトトロ」同時公開。スタジオジブリが日本アニメ映画の新時代を開いた。
36,1990年代後半,1995.0,ホラー,📼,伊豆大島から始まり、東京などに広がった「見ると1週間後に死ぬビデオテープ」による連続不審死事件が発生した。,リング,,,バブル崩壊後の不況が長期化。山一證券が自主廃業し、金融危機が顕在化した。,阪神淡路大震災・地下鉄サリン事件の年。ビジュアル系バンドと渋谷系音楽が東京文化の両極を形成した。
37,1997年,1997.0,コメディ,🚓,お台場が空き地から巨大観光地へと開発されていく過程で、青島刑事が湾岸署を舞台に様々な事件の捜査に奔走した。,踊る大捜査線,,,消費税が5%に引き上げられ景気が後退。お台場・臨海副都心の開発が本格化した。,「もののけ姫」「新世紀エヴァンゲリオン」。日本のアニメ・サブカルが「クール・ジャパン」として世界へ。
38,1998年,1998.0,サスペンス,👁️,下北沢の1時間に10分しか開かない「開かずの踏切」付近において、謎の無差別発砲魔と彼に恋する女の物語が展開された。,TOKYO EYES,,,長野オリンピックが開催された。東京では外資系企業の進出が相次ぎ、都心の空洞化が進んだ。,宇多田ヒカルがデビュー。CD売上が史上最高を記録し、J-POP黄金時代が最高潮に達した。
39,1999年,1999.0,アニメ,🦾,1999年の東京湾岸は二重の危機に見舞われた。沖合の廃棄構造物からは都市の機械類を制御不能にするウイルスが放出されつつあり、その同じ頃お台場では別の次元からやってきた生命体が現実世界に侵食していた。テクノロジーの暴走と異次元の侵略が同時進行した年であった。,機動警察パトレイバー the Movie|デジモンアドベンチャー,アニメ|アニメ,東京湾に浮かぶ廃棄構造物「方舟」からのコンピュータウイルス拡散を阻止するため、警察特殊部隊による解体作戦が決行された。|お台場や光が丘において、デジタルワールドと現実世界の境界が崩壊し、子供たちと異形の生命体による戦闘が目撃された。,Y2K問題への対応でIT企業が多忙を極めた。地下鉄サリン事件のオウム裁判が佳境を迎えた。,ミレニアム前夜。渋谷センター街のギャル文化が最盛期。Y2K問題に揺れる中、東京の夜は賑やかだった。
40,2000年,2000.0,アニメ,⚠️,「セカンドインパクト」および新型爆弾の投下により東京都が完全に壊滅した。,新世紀エヴァンゲリオン,,,2000年問題は大きな混乱なく通過。石原慎太郎が東京都知事に当選し「都市再生」を掲げた。,ミレニアム。着メロ文化とケータイ小説の原型が生まれ、モバイル文化の幕が開いた。
41,2000年代前半,2002.0,アニメ,📓,名前を書かれた人間が死に至る謎のノートを用いた連続殺人事件が発生し、警視庁に設置された捜査本部と世界最高峰の名探偵が頭脳戦を繰り広げた。,DEATH NOTE,,,9.11同時多発テロで東京でも警備が強化。インターネット普及率が急上昇した。,日韓ワールドカップ開催。「冬のソナタ」韓流ブームの前夜。東京に多様な外国文化が流入し始めた。
42,2000年代後半,2006.0,アニメ,🏍️,2000年代の池袋は、まともではなかった。首のない黒い影が夜の大通りを疾走し、カラーギャングが血みどろの縄張り争いを繰り広げた。その混乱を何度もやり直しながら回避しようとする少年がいて、彼は東京で何度も何度も同じ日に生きた。,デュラララ!!|東京リベンジャーズ,アニメ|アニメ,池袋において、カラーギャングの抗争や首なしライダーなど超常的な現象が相次いで確認された。|東京の不良グループによる連続抗争事件が、タイムリープ能力を持つ青年によって繰り返し回避が試みられた。,東京の人口が1200万人を突破し世界最大の都市圏に。池袋・渋谷が再開発の波を受けた。,ニコニコ動画・YouTubeが登場。ユーザー生成コンテンツが文化を変え、初音ミク文化の土台が生まれた。
43,2001年,2001.0,アクション,🌿,19年前に姿を消した最愛の女性の死を知り、フランスの警察官がヤクザから娘を守るため東京において戦闘を繰り広げた。,WASABI,,,アメリカのイラク攻撃への反対デモが東京でも行われた。六本木ヒルズが開業した。,「千と千尋の神隠し」が興行収入記録を塗り替えた。ポケモン・ハリポタが同時代に子供たちを席巻した。
44,2003年,2003.0,SF,🎄,2003年のクリスマス、東京では複数の事件が同時に起きていた。新宿のホテルでは言葉の通じない男女が窓の外の夜景を見つめ、お台場ではゴジラとメカゴジラが激突してレインボーブリッジ周辺は大混乱に陥っていた。その夜、路地裏では3人のホームレスが拾った赤ちゃんを抱えて都内を走り回っていた。,ロスト・イン・トランスレーション|東京ゴッドファーザーズ|ゴジラ×モスラ×メカゴジラ 東京SOS|踊る大捜査線 THE MOVIE 2 レインボーブリッジを封鎖せよ！,ドラマ|アニメ|SF|コメディ,新宿の高層ホテルに滞在した外国人二人が、言葉も文化も通じない東京の夜に孤独を分かち合った。|クリスマスの夜、東京の路上生活者3人が捨てられた赤ちゃんを拾い、本当の親を探して都内を奔走した。|東京湾からゴジラが上陸し、機械仕掛けのメカゴジラとの死闘が都心部で繰り広げられた。|お台場での連続殺人事件を受け、警察はレインボーブリッジを完全封鎖した。,イラク戦争が勃発し東京でも大規模な反戦デモが行われた。六本木ヒルズ開業で都市景観が一変した。,東京発ファッションがパリコレに進出し始めた。ケータイ文化が最盛期で電車内はみんなケータイを見ていた。
45,2004年,2004.0,ドラマ,☕,神保町の純喫茶などにおいて、東京人の生活のディテールが息づく静かな時間が観測された。,珈琲時光,,,東京で「ニート」問題が社会的議論に。新宿区でゴミ有料化が導入された。,「ハウルの動く城」公開。ケータイ文化の全盛期。着うたフルが登場し、音楽の聴き方が変わった。
46,2007年,2007.0,コメディ,🚶,借金を抱えた大学生が借金取りの中年男とともに東京の街を散歩し、奇妙な友情を育んだ。,転々,,,安倍首相が就任し「美しい国づくり」を掲げた。東京都心の再開発が相次いだ。,YouTube元年。東京のサブカルが「カワイイ文化」として海外メディアに注目された。iPhone登場直前。
47,2008年,2008.0,ドラマ,🎹,2008年の東京では、見えないことと奇妙なことが同時に起きていた。リストラされた男は毎朝スーツを着てハローワークに通い、家族には出勤しているふりを続けた。一方その頃、別の東京では路上に奇怪な生き物が現れ、引きこもりの男が外の世界へ歩き出した。,トウキョウソナタ|TOKYO!,ドラマ|ドラマ,リーマンショック後の不況により会社を解雇されたサラリーマンが、その事実を家族に隠したまま毎日公園に通い続けた。|東京の路上や室内で、人が突然変異する事例を含む不可解な出来事が相次いで発生した。,リーマンショック。東京の株式市場が急落し、年越し派遣村が日比谷公園に設置された。,リーマンショック。AKB48が台頭し「会いに行けるアイドル」という新概念が東京発カルチャーになった。
48,2009年,2009.0,ドラマ,💊,ドラッグディーラーの青年が東京のアンダーグラウンドやナイトライフをサイケデリックに彷徨う事案が発生した。,エンター・ザ・ボイド,,,民主党が政権を獲得。東京では築地市場の豊洲移転問題が議論になり始めた。,ツイッターが日本で普及。初音ミク・ボカロ文化が本格化。秋葉原のオタク文化が世界的に認知された。
49,2010年,2010.0,SF,📱,2010年の秋葉原では、タイムマシンを手に入れた若者たちが何度も歴史をやり直し続けた。その裏側では、東京に迫る宇宙人の脅威を白黒の人物が一人で食い止めていた。タイムトラベルと宇宙戦争が同時進行する中、秋葉原の街はいつも通りメイドカフェが営業していた。,STEINS;GATE|ゼブラーマン,SF|アクション,千代田区秋葉原の雑居ビルにおいて、タイムマシンの開発に成功した集団が複数の世界線を往来し、歴史の改変を繰り返した。|東京において、白黒のコスチュームを纏った謎の人物が宇宙人の侵略を阻止するための戦闘に従事した。,東京スカイツリーの建設が進み、東京の新たなランドマークへの期待が高まった。,iPad登場。K-POPブームが東京で本格化。東方神起・少女時代が日本デビューし韓流第二波が到来した。
50,2010年代前半,2014.0,アニメ,🎤,2010年代の東京では、秋葉原のアイドルたちが歓声を浴びながらステージを踏んでいた。同じ都内のどこかのマンションでは、死の直前に謎の空間へ転送された人間たちが毎夜、宇宙人との命がけの戦闘に駆り出されていた。東京は光の側と影の側で、まったく別の夜を生きていた。,ラブライブ！|GANTZ,アニメ|SF,秋葉原・お台場を中心に、スクールアイドルとして活動する女子高生グループが熱狂的な支持を集めた。|都内のあるマンションに設置された謎の黒球が、死んだはずの人間たちを蘇生させ、異星人との戦闘に強制参加させていた。,東日本大震災後、東京でも計画停電が実施。2020年東京オリンピックの招致活動が本格化した。,インスタグラム全盛期。インスタ映えスポットが東京各地に出現し、表参道・中目黒・下北沢が聖地化した。
51,2012年,2012.0,ドラマ,🌐,2012年の東京では、地下組織が空間転送実験を繰り返しながら、その数キロ先では老人と若い女性が静かな食卓を囲んでいた。世界を救おうとする者と、何気ない日常の中に緊張を孕む者が、同じ街に共存していた。東京とは、そういう場所である。,世紀末オカルト学院|ライク・サムワン・イン・ラブ,アニメ|ドラマ,東京に展開するレジスタンス組織が、空間転送技術を用いた極秘実験を都内各所で強行した。|東京郊外の住宅街で、デートクラブ勤めの女子大生と初老の元教授が奇妙な関係を築いた。,東京スカイツリーが開業。東京都の人口が1300万人を突破した。,東京スカイツリー開業。AKB48の全盛期。初音ミクが日本武道館公演を行いバーチャルスターが定着した。
52,2015年,2015.0,アニメ,🤖,セカンドインパクト後、東京は水没し、人類は箱根の山中に新たな都市を建設した。その地下深くに格納された人型兵器が、幾度となく使徒と戦い、都市は幾度となく破壊された。この世界では東京を守ることと、世界の終わりが、常に同じ問いの表と裏だった。,新世紀エヴァンゲリオン|ヱヴァンゲリヲン新劇場版,アニメ|アニメ,箱根・仙石原に建設された「第3新東京市」を舞台に、使徒と呼ばれる巨大生命体との決戦が繰り広げられた。|再構成された「第3新東京市」において、人類の命運を賭けた使徒との最終決戦が再び繰り広げられた。,安保法制反対デモが国会前に数万人を集めた。東京オリンピックのエンブレム問題が発覚した。,「鬼滅の刃」連載開始。Netflixが日本でサービス開始し、映像消費の在り方が変わり始めた。
53,2016年,2016.0,SF,🏙️,2016年の東京では、現実の改変が二つの形で起きた。一方の東京では巨大不明生物の凍結作戦が何とか成功し、都心部が封鎖された。もう一方の東京では、身体ごと別の人間に入れ替わる現象に気づいた高校生が、夜景の中で見知らぬ誰かの代わりに生きていた。,シン・ゴジラ|君の名は。,SF|アニメ,東京湾から上陸した巨大不明生物が品川・蒲田・東京駅周辺に甚大な被害をもたらした後、現在も都内で凍結中である。|別の世界線において、都内に住む男子高校生と山間部の女子高校生の間で謎の「入れ替わり」現象が発生した。,小池百合子が東京都知事に当選。豊洲市場移転問題が大きな政治問題となった。,「君の名は。」が空前の大ヒット。ポケモンGOが東京各地を席巻し、ARゲームが都市体験を変えた。
54,2018年,2018.0,アニメ,👺,2018年の東京には、二つの見えない世界があった。下町の路地の奥では、血のつながりのない人々が家族として寄り添い、万引きで日々をつないでいた。その同じ年の10月末、渋谷の地下と地上では人間には知覚できない呪いの化け物と術師たちによる壮絶な戦闘が繰り広げられた。,万引き家族|呪術廻戦,ドラマ|アニメ,東京の住宅密集地の隙間に残された古い平屋に、血縁のない6人が家族を装って暮らしていた。|2018年10月31日、渋谷駅周辺において呪術師と呪霊による大規模な戦闘（渋谷事変）が発生し、多数の民間人が巻き込まれた。,記録的な猛暑で東京の熱中症搬送者が増加。西日本豪雨で200人超が犠牲になった。,「カメラを止めるな！」がSNSで口コミ拡散。配信プラットフォームが映像文化を民主化した年。
55,2019年,2019.0,SF,📚,「2019年ごろの東京」は、複数存在する。一方では、湾岸に建設されたネオ東京が超能力者の暴走により壊滅の危機を迎えた。もう一方では、本を守るために武装した司書たちが焚書を強行する政府機関と市街戦を繰り広げていた。どちらの東京も、何かが崩壊しかかっていた。,AKIRA|図書館戦争,SF|アクション,2020年の東京五輪を翌年に控えた東京湾上の「ネオ東京」で、超能力者の暴走による大規模破壊事件が発生した。|別の世界線の東京において、表現の自由をめぐる武力衝突——図書隊と検閲機関「メディア良化隊」の戦闘——が各地で発生した。,天皇陛下が退位し令和元年が始まった。10月、台風19号が東京都内にも大きな被害をもたらした。,令和元年。「天気の子」「ジョーカー」が対照的な東京像を描いた。東京2020への期待が高まった。
56,2020年代前半,2023.0,アニメ,🚿,2020年代の東京は、複数の顔を持っていた。渋谷のトイレを黙々と磨く男の静寂、下北沢のライブハウスで震える手でギターを掻き鳴らす少女の孤独、見えない組織が平和を守るために血を流す裏側、そして夜の歌舞伎町を逃げ惑う若者たち。これらすべてが同時に、同じ街で起きていた。,PERFECT DAYS|ぼっち・ざ・ろっく！|リコリス・リコイル|東京逃避行,ドラマ|アニメ|アニメ|ドラマ,渋谷区を中心とする公共トイレを担当する清掃員が、東京の片隅で静かで豊かな日常を送った。|下北沢のライブハウスを拠点に、極度の人見知りの女子高生がロックバンドとして活動を始めた。|一般市民には知られていない民間治安組織が、東京都内の治安維持のため秘密裏に活動していた。|歌舞伎町において、行き場を失った若者たちが束の間の逃亡劇を繰り広げた。,新型コロナウイルスの感染拡大で緊急事態宣言が繰り返し発令。東京五輪が1年延期のうえ無観客開催となった。,コロナ禍でオンラインライブ・配信文化が爆発的に普及。東京の音楽シーンがネットとリアルの融合を模索した。
57,2021年,2021.0,アニメ,⛅,異常気象により、東京で記録的な大雨が降り始めた。,天気の子,,,東京2020オリンピック・パラリンピックが無観客で開催。ワクチン接種が本格化した。,東京2020オリンピック・パラリンピックが無観客開催。K-POPが第4次韓流ブームを牽引した。
58,2022年,2022.0,アニメ,☄️,四谷の須賀神社の階段において、大人になった男女が奇跡的な再会を果たす事象が確認された。,君の名は。,,,ロシアのウクライナ侵攻が始まり東京でも反戦デモが行われた。急激な円安が物価に影響した。,「すずめの戸締まり」が大ヒット。ChatGPT登場前夜、AIアートが東京クリエイター界で話題になった。
59,2024年,2024.0,アニメ,🌊,3年間降り続いた雨の影響でレインボーブリッジが沈没し、東京都の面積の約3分の1が水没する未曾有の災害が発生した。,天気の子,,,能登半島地震が発生し東京でも防災意識が高まった。東京都知事選で小池百合子が3選を果たした。,「ルックバック」など傑作アニメが続いた。生成AIが映像制作の現場に本格浸透し始めた。
60,2029年,2029.0,SF,🦾,第四次非核大戦を経て一部が水没し、脳の電脳化やサイボーグ化が進んだ東京において、「公安9課」が高度なサイバーテロと交戦状態に入った。,攻殻機動隊,,,,
61,2035年,2035.0,SF,🚔,警察庁舎が吉祥寺駅直結となっている東京において、機動強襲室第八係による治安維持活動が展開された。,アクティヴレイド -機動強襲室第八係-,,,,
62,2112年,2112.0,SF,🔮,人間の心理状態を数値化するシステムによって完全に管理された東京において、公安局の刑事たちが犯罪鎮圧に従事した。,PSYCHO-PASS サイコパス,,,,
63,2050年代前半,2050.0,SF,🌿,地球温暖化により東京が完全な熱帯ジャングルへと変貌を遂げ、富裕層が住む巨大空中都市と地上に取り残された貧困層との間でゲリラ抗争が勃発した。,シャングリ・ラ,,,,
64,2090年代後半,2099.0,コメディ,🗺️,東京都民から迫害を受けていた埼玉県民が、通行手形の撤廃を求めて大規模なレジスタンス運動を展開し、千葉解放戦線との間で抗争状態に陥った。,翔んで埼玉,,,,
65,1948年,1948.0,ドラマ,,終戦から3年、新宿の闇市を支配する若いヤクザが肺結核を患っていることが発覚した。貧しくも良心的な町医者が治療に奔走するが、出所してきた組の親分との対立が激化した。,酔いどれ天使,,,GHQ占領下の東京では民主化政策が進む一方、食糧難と闇市が市民生活を支配していた。,美空ひばりがデビューした時代。戦後の闇市文化と映画の復活。東京の下町に歌謡曲の原型が芽生えた。
66,1960年代前半,1960.0,ドラマ,,高度経済成長期の東京郊外では、子供たちが「テレビを買わないなら口をきかない」と宣言し、団地の大人たちを困らせた。その同じ街の少し先では、娘を嫁に出した老父が一人の食卓でコップを傾けながら遠くを見つめていた。豊かさと喪失が同居する、静かな東京の日常だった。,お早よう|秋刀魚の味,ドラマ|ドラマ,東京郊外の団地において、テレビを買ってもらえない子供たちが「口をきかないストライキ」を起こし、近所の人間関係を揺さぶった。|高度経済成長期の東京に暮らす初老の男性が、嫁ぎ遅れた娘の縁談を進めながら、静かに自分の孤独と向き合った。,東京オリンピック開催決定を受け、都内で首都高速道路・地下鉄などの大規模インフラ整備が始まった。,石原裕次郎・吉永小百合ら映画スターが青春文化の偶像に。安保闘争後の「消費社会」が東京に到来した。
67,1963年,1963.5,サスペンス,,横浜郊外の実業家の豪邸をめぐり、誤って部下の子が誘拐された。犯人はそれでも身代金を要求し、捜査の舞台は東京・横浜の歓楽街から麻薬街・簡易宿泊所へと広がった。,天国と地獄,,,東海道新幹線の建設が佳境を迎え、首都高速道路が開通。東京は近代都市へと急変貌した。,「鉄腕アトム」アニメ放映開始と同年。東京オリンピック前夜の高揚感と社会の影が同居した時代。
68,1974年,1974.0,サスペンス,,東京・蒲田の国電操車場内で身元不明の中年男性の絞殺死体が発見された。刑事2人による執念の捜査は全国各地の断片を繋ぎ合わせ、天才ピアニスト兼作曲家の衝撃的な過去と犯行動機を浮かび上がらせた。,砂の器,,,ニクソンショック・石油ショックで揺れる東京。田中角栄「列島改造論」への批判が高まり地価が高騰した。,ディスコ文化が東京に上陸。フォークが学生運動後の若者を慰め、東京の音楽シーンが多様化した。
69,1984年,1984.0,コメディ,,1984年ごろの東京近郊では、ラーメンの正統をめぐる真剣勝負が繰り広げられる一方で、突然の死を迎えた家族を前にした人々が葬式のやり方を知らないまま泣き笑いしていた。生と死と食が、同じ時代の同じ東京圏に散らばっていた。,タンポポ|お葬式,コメディ|コメディ,東京郊外の国道沿いに立つ寂れたラーメン店の再建をめぐり、様々な人物が集まって奮闘した。|東京の某所において、急死した家族の葬儀を初めて取り仕切ることになった一家が、右往左往しながら三日間を過ごした。,バブル直前の東京では地上げ問題が始まり、下町の町並みが次々と取り壊された。,松田聖子・中森明菜がアイドル黄金時代を牽引。竹の子族が原宿で踊り、若者サブカルが爆発した。
70,1993年,1993.0,コメディ,,東京都心の高級ホテルに組織暴力団が潜り込み、恐喝・ゆすり（ミンボー）を繰り返す実態が明らかになった。対応を迫られたホテル側は女性弁護士に依頼し、法律と機転で暴力と戦った。,ミンボーの女,,,非自民8党派連立による細川内閣が発足し、55年体制が崩壊。東京でも政治的混乱が続いた。,J-POP黄金時代前夜。渋谷系が文化的潮流に。Jリーグ開幕で東京にスポーツ文化が定着した。
71,1996年,1996.0,コメディ,,東京郊外に暮らす平凡なサラリーマンが、電車の窓越しに見えたダンス教室に秘かに通い始めた。妻の疑惑を招きながらも社交ダンスにのめり込み、くすんでいた日常が光を取り戻していった。,Shall We ダンス?,,,住専問題・金融機関の不良債権処理が社会問題化。地下鉄サリン事件の余波が東京を覆っていた。,安室奈美恵が全盛期。「アムラー」ブームが東京のファッションを席巻。スピードが音楽シーンを変えた。
72,2005年,2005.0,コメディ,,秋葉原在住の青年が電車内で痴漢から女性を救ったことをネット掲示板に投稿したところ、数千人の「住人」たちに見守られながら生まれて初めての恋愛に挑む事案が発生した。,電車男,,,JR福知山線脱線事故が発生。東京では「格差社会」論争が始まり、ワーキングプアが注目された。,愛知万博開催。日本映画の国際評価が高まり、是枝裕和・宮崎駿作品が海外賞を受賞し続けた。
73,2013年,2013.0,サスペンス,,死刑囚からの告白をきっかけに、雑誌記者が未解決の連続殺人事件を追い始めた。不動産詐欺に絡んだ闇ブローカーと元組長による凶行が、東京の裏社会を舞台に次々と暴かれていった。,凶悪,,,東京オリンピック2020の開催が決定（9月）。東京は再び五輪に向けて動き始めた。,「風立ちぬ」公開・宮崎駿の引退宣言。東京五輪開催決定で都市開発ブームが加速した。
74,2017年,2017.0,ドラマ,,東京・墨田区のアパートに一人暮らす17歳のプロ棋士が、孤独な対局の日々を送りながら、川向かいの下町に暮らす3姉妹との温かい交流を通じて生きる力を取り戻した。,3月のライオン,,,東京都議選で都民ファーストの会が圧勝。共謀罪法が成立し言論への懸念が広がった。,「この世界の片隅に」ら傑作アニメが続いた。Spotifyが日本でサービス開始し音楽消費が変わった。
75,2020年,2020.0,ドラマ,,京王線・明大前駅で終電を逃した男女が偶然出会い、吉祥寺・下北沢・新宿と東京各地を転々としながら5年間の同棲生活を送った。,花束みたいな恋をした,,,新型コロナウイルスの感染拡大により、東京に初の緊急事態宣言が発令された。,コロナ禍。「鬼滅の刃」劇場版が興行収入歴代1位を記録しアニメの社会的影響力を示した。
76,1960年代後半,1969.5,SF,👈,東京郊外の空き地で子供たちが空想で描いた「よげんの書」が、数十年後に謎のカルト組織「ともだち」によって現実のものとされていった。東京を主舞台に、細菌テロや世界征服の陰謀が展開され、幼馴染たちの戦いが始まった。,20世紀少年,,,高度経済成長から失われた20年まで、東京は急速な拡張と長い停滞を繰り返した。,高度成長期から情報化社会へ。演歌からJ-POP、テレビから携帯電話へ——東京の大衆文化が世代を超えて変容した。
77,1980年,1980.0,ドラマ,🏥,東京都内に暮らす幼い少女が破傷風に感染した。壮絶な闘病が続く中、両親は極限の精神状態へと追い込まれていった。都市の中で孤立した家族が、恐怖と絶望に直面した。,震える舌,,,モスクワオリンピック日本不参加。山口百恵が引退し、東京・武道館でのラストコンサートに涙した。,山口百恵が引退し松田聖子が台頭した転換期。YMOが世界ツアーで日本の電子音楽を世界へ広めた。
78,1981年,1981.0,コメディ,🎙️,東京の下町で、落語家に弟子入りした若者が、師匠や仲間、ソープランドで働く女性との交流を通じて人生の機微を学んでいった。,の・ようなもの,,,第2次臨時行政調査会が設置。東京では財政再建問題が叫ばれ始めた。,YMO（坂本龍一・高橋幸宏・細野晴臣）が絶頂期。テクノポップが東京から世界へ発信された。
79,1983年,1983.0,ドラマ,🍽️,東京近郊のマンションに暮らす受験生の家庭に、型破りな家庭教師が雇われた。横並びに座る食卓を中心に、高度経済成長後の日本の核家族が抱える欺瞞と機能不全が鮮烈に解剖された。,家族ゲーム,,,東京ディズニーランドが開業。任天堂がファミコンを発売し、ゲームブームが始まった。,ファミコン発売。ゲーム文化が東京の子供たちの日常を根本から変えた転換点。
80,1987年,1987.1,ドラマ,🌻,長崎から上京してきた楽天的な青年・横道世之介が、東京での大学生活でさまざまな人々と出会い、日常の些細な喜びを積み重ねた。後に彼と関わった人々は、ふとした瞬間にその笑顔を思い出した。,横道世之介,,,国鉄が民営化しJRが発足。東京の新宿・池袋などのターミナル開発が加速した。,ユーミン（松任谷由実）の「リゾート感」が東京の若者文化を形作っていた。バブル前夜のリゾートブーム。
81,1989年,1989.0,アクション,🔫,東京都内を管轄する短気で暴力的な刑事が、独断で麻薬密売組織の捜査に挑んだ。,その男、凶暴につき,,,昭和天皇が崩御し平成元年が始まった。消費税3%が導入され、ベルリンの壁が崩壊した。,昭和から平成へ。バブル絶頂、ジュリアナ東京が翌年開業。宮崎勤事件後のオタク叩きが起きた複雑な転換期。
82,1999年,1999.1,コメディ,☀️,東京の下町に暮らす少年が、夏休みに遠くの母親を訪ねる旅に出た。ギャンブル好きの近所のおじさんが珍道中に同行し、旅先で奇妙な人情に出会った。,菊次郎の夏,,,東京湾アクアラインが開通。地下鉄サリン事件のオウム裁判が続き、東京の安全神話は揺らいでいた。,「マトリックス」公開、世紀末ブーム。モーニング娘。がテレビを席巻。秋葉原にアイドル文化が形成された。
83,2001年,2001.1,ドラマ,✊,東京に暮らす在日コリアンの高校生が、日常の差別と民族的アイデンティティに向き合いながら、一人の日本人女性との純粋な恋愛を通じて自らの生き方を模索した。怒りとユーモアで貫かれた都市の青春。,Go!,,,東京では在日外国人への差別問題が社会的議論に。外国籍住民の増加が続いた。,「千と千尋の神隠し」が興行収入記録更新。同時多発テロ後、日本のコンテンツ産業に影響が出た。
84,2002年,2002.1,ホラー,👁️,東京都内の一軒家に棲み着いた呪いが、家を訪れた者すべてに死をもたらした。怨霊「伽椰子」と「俊雄」による呪いの連鎖は時空を超えて拡散し、都市の日常に恐怖が染み込んでいった。,呪怨,,,日韓共催W杯が開催。東京・渋谷でサポーターが交差点に溢れ出した。,ワールドカップ共催年。「猟奇的な彼女」が東京でヒット。韓流の前兆として韓国文化が浸透し始めた。
85,2006年,2006.1,アクション,🏎️,アメリカから東京に転校してきた高校生が、首都高速や繁華街の地下ドリフトレース世界に足を踏み入れた。東京の夜景を背景に、異文化がぶつかり合い、友情が生まれた。,ワイルド・スピードX3 TOKYO DRIFT,,,東京都内のマンション価格が上昇を始め、都心部の再開発ラッシュが本格化した。,ニコニコ動画創設前夜。東京発のオタク文化がクール・ジャパンとして政策的に後押しされ始めた。
86,2006年,2006.2,ドラマ,🗼,九州から上京し東京でひとり暮らしを続けてきた息子が、ガンを患ったオカンを東京に呼び寄せた。東京タワーを望む街で、母と息子は最後の日々を過ごした。,東京タワー オカンとボクと、時々、オトン,,,東京タワー開業48周年。スカイツリーの建設計画が正式に発表された。,東京タワー開業50周年。倖田來未・大塚愛らがJ-POP市場を牽引。団塊世代の退職が懐古文化ブームを生んだ。
87,2006年,2006.3,ドラマ,🌆,東京に暮らす聴覚障害を持つ女子高生が、父親との断絶と孤独を抱えながら渋谷の夜の街を彷徨い、刹那的な繋がりを求め続けた。,バベル,,,東京都で「日の丸・君が代」問題が政治的議論を呼んだ。格差拡大への批判が高まった。,「時をかける少女」（アニメ版）公開。新海誠の「秒速5センチメートル」が翌年公開。アニメ映画の多様化が加速した。
88,2007年,2007.1,ドラマ,🏳️,東京近郊のどこにでもある市街地で、役所の担当者を通じてとなり町との「戦争」が淡々と遂行されていることが明らかになった。戦死者が出ても日常は続き、戦争の実感なき市民生活が描かれた。,となり町戦争,,,東京周辺で都市型水害が頻発。地下鉄・下水道の排水容量不足が深刻な問題となった。,iPhone登場直後。mixiからTwitterへの移行期。東京のクリエイターたちがSNSで作品発信を始めた転換期。
89,2008年,2008.1,ドラマ,🐍,東京の歓楽街に生きる若い女性が、舌のピアスと刺青を身に纏いながら自己破壊的な欲望の渦に深く沈んでいった。都市の底辺で、性と暴力と死が渦を巻いた。,蛇にピアス,,,リーマンショックで東京の雇用が悪化。日比谷公園に「年越し派遣村」が設置された。,リーマンショック。AKB48「会いに行けるアイドル」が台頭。東京の歓楽街で格差と欲望が交錯した時代。
90,2012年,2012.1,ドラマ,💸,東京の下町で焼き鳥屋を営む夫婦が火事で店を失い、夫は再起のために結婚詐欺師となる道を選んだ。孤独な女性たちの欲望につけ込みながら、夫婦の歪んだ愛憎は深まっていった。,夢売るふたり,,,東日本大震災から復興途上の中、東京でも節電と復興支援の取り組みが続いた。,スカイツリー開業・東京駅丸の内駅舎復元。AKB総選挙が社会現象に。「孤独のグルメ」で下町食文化が再注目された。
91,2019年,2019.1,サスペンス,🎭,東京都心の高級ホテルに連続殺人犯が現れるという予告を受け、警視庁の刑事がホテルスタッフに扮して潜入捜査を展開した。仮面をつけた都市生活者たちの素顔が行き交う空間での心理戦。,マスカレードホテル,,,消費税が10%に引き上げられた。令和元年、東京では新時代の幕開けに沸いた。,令和元年。サブスクリプション型音楽配信が完全定着し、CDは「コレクターズアイテム」化した。
